{"cameraMode":{"drawMode":0,"name":"Shaded","section":"Shading Mode"},"sceneLighting":false,"audioPlay":false,"sceneViewState":{"showFog":true,"showMaterialUpdate":false,"showSkybox":false,"showFlares":true,"showImageEffects":true,"showParticleSystems":true},"in2DMode":false,"pivot":{"x":0.027515580877661706,"y":-0.6523988842964172,"z":-0.49515947699546816},"rotation":{"x":0.43465250730514529,"y":-0.04696599766612053,"z":0.022704266011714937,"w":0.8990862369537354},"size":4.667372226715088,"orthographic":false}