{"cameraMode":{"drawMode":0,"name":"Shaded","section":"Shading Mode"},"sceneLighting":true,"audioPlay":false,"sceneViewState":{"showFog":true,"showMaterialUpdate":false,"showSkybox":true,"showFlares":true,"showImageEffects":true,"showParticleSystems":true},"in2DMode":false,"pivot":{"x":36.525020599365237,"y":13.432759284973145,"z":9.62567138671875},"rotation":{"x":-0.35251933336257937,"y":-0.01488120574504137,"z":0.005606460385024548,"w":-0.9356694221496582},"size":1130.2274169921875,"orthographic":false}