{"cameraMode":{"drawMode":0,"name":"Shaded","section":"Shading Mode"},"sceneLighting":true,"audioPlay":false,"sceneViewState":{"showFog":true,"showMaterialUpdate":false,"showSkybox":true,"showFlares":true,"showImageEffects":true,"showParticleSystems":true},"in2DMode":false,"pivot":{"x":135.79962158203126,"y":-83.48933410644531,"z":-7.54302978515625},"rotation":{"x":-0.16854901611804963,"y":-0.3881429135799408,"z":0.07243616878986359,"w":-0.9031552076339722},"size":2325.4453125,"orthographic":false}