{"cameraMode":{"drawMode":0,"name":"Shaded","section":"Shading Mode"},"sceneLighting":false,"audioPlay":false,"sceneViewState":{"showFog":true,"showMaterialUpdate":false,"showSkybox":true,"showFlares":true,"showImageEffects":true,"showParticleSystems":true},"in2DMode":false,"pivot":{"x":523.289794921875,"y":302.189453125,"z":48.734375},"rotation":{"x":0.3222285211086273,"y":0.046833984553813937,"z":-0.015963342040777208,"w":0.9453679919242859},"size":8.801958084106446,"orthographic":true}