{"cameraMode":{"drawMode":0,"name":"Shaded","section":"Shading Mode"},"sceneLighting":true,"audioPlay":false,"sceneViewState":{"showFog":true,"showMaterialUpdate":false,"showSkybox":true,"showFlares":true,"showImageEffects":true,"showParticleSystems":true},"in2DMode":false,"pivot":{"x":51.572532653808597,"y":3.02070951461792,"z":525.3636474609375},"rotation":{"x":0.15083979070186616,"y":0.83620685338974,"z":-0.4443051218986511,"w":0.2838987112045288},"size":72.3299560546875,"orthographic":true}