{"cameraMode":{"drawMode":0,"name":"Shaded","section":"Shading Mode"},"sceneLighting":true,"audioPlay":false,"sceneViewState":{"showFog":true,"showMaterialUpdate":false,"showSkybox":true,"showFlares":true,"showImageEffects":true,"showParticleSystems":true},"in2DMode":false,"pivot":{"x":-0.40760743618011477,"y":-1.9461910724639893,"z":104.18508911132813},"rotation":{"x":0.23648551106452943,"y":-0.3448733687400818,"z":0.09023047983646393,"w":0.9038780331611633},"size":37.701087951660159,"orthographic":false}