{"cameraMode":{"drawMode":0,"name":"Shaded","section":"Shading Mode"},"sceneLighting":true,"audioPlay":false,"sceneViewState":{"showFog":true,"showMaterialUpdate":false,"showSkybox":true,"showFlares":true,"showImageEffects":true,"showParticleSystems":true},"in2DMode":false,"pivot":{"x":338.2844543457031,"y":594.783447265625,"z":-45.481597900390628},"rotation":{"x":-0.06370820105075836,"y":-0.1514933705329895,"z":0.009784873574972153,"w":-0.9863545298576355},"size":2598.760986328125,"orthographic":false}